Date,Temperature
2019-01-01,5.493402099609398
2019-01-02,2.173442459106468
2019-01-03,0.3049897511800168
2019-01-04,1.9886114756266693
2019-01-05,6.3553183237712005
2019-01-06,5.902271525065146
2019-01-07,4.450955327351892
2019-01-08,4.935354487101279
2019-01-09,2.185880915323935
2019-01-10,0.3911256154378293
2019-01-11,3.520883814493857
2019-01-12,5.046465810139978
2019-01-13,6.240701929728232
2019-01-14,2.893593088785849
2019-01-15,3.4186041514079193
2019-01-16,5.032375590006552
2019-01-17,2.639354324340843
2019-01-18,-1.1759202321370026
2019-01-19,-2.088043594360329
2019-01-20,-3.5754614512125613
2019-01-21,-3.645417912801065
2019-01-22,-3.183070246378577
2019-01-23,-3.7968149820963504
2019-01-24,-5.436751429239905
2019-01-25,-2.6581221262613894
2019-01-26,4.344238535563193
2019-01-27,4.489005661010765
2019-01-28,1.3790323893229584
2019-01-29,-0.588666661580362
2019-01-30,-0.33875821431473696
2019-01-31,-0.02828509012857694
2019-02-01,1.175472513834677
2019-02-02,0.07666422526045835
2019-02-03,0.325172678629599
2019-02-04,0.9555367787679074
2019-02-05,2.7398531595866302
2019-02-06,3.6329322814941634
2019-02-07,5.955997721354208
2019-02-08,6.151551183064782
2019-02-09,7.0853375752766965
2019-02-10,6.2783917744954465
2019-02-11,4.385635630289755
2019-02-12,3.6895436604817746
2019-02-13,4.7439679463704465
2019-02-14,4.168017959594749
2019-02-15,4.9756090799967865
2019-02-16,6.568719482421898
2019-02-17,5.97586339314779
2019-02-18,6.719132359822595
2019-02-19,6.477253850301111
2019-02-20,6.272466913859091
2019-02-21,7.650573348999046
2019-02-22,7.196129735310876
2019-02-23,4.306961949666345
2019-02-24,5.060820515950525
2019-02-25,6.422492599487327
2019-02-26,6.8454516092936615
2019-02-27,6.616876856486044
2019-02-28,8.040368016560876
2019-03-01,6.666535313924157
2019-03-02,6.211107508341513
2019-03-03,9.264808909098349
2019-03-04,8.560256576538109
2019-03-05,5.419897969563806
2019-03-06,8.306499735514365
2019-03-07,9.292953109741234
2019-03-08,6.783026631673181
2019-03-09,6.866744613647484
2019-03-10,4.587951278686546
2019-03-11,3.0039370218913177
2019-03-12,5.364899571736657
2019-03-13,5.1987631479899505
2019-03-14,5.079115804036462
2019-03-15,6.929632441202841
2019-03-16,7.719258880615257
2019-03-17,6.861580785115564
2019-03-18,4.456619517008505
2019-03-19,3.4304093678792356
2019-03-20,5.375177001953148
2019-03-21,9.606851196289085
2019-03-22,10.404229100545251
2019-03-23,7.776429112752282
2019-03-24,6.0342365264892805
2019-03-25,4.986028925577841
2019-03-26,4.789923604329431
2019-03-27,6.475284830729208
2019-03-28,8.902468617757165
2019-03-29,9.241641616821312
2019-03-30,10.167860285441122
2019-03-31,6.878662363688193
2019-04-01,6.532380676269554
2019-04-02,10.086090342203818
2019-04-03,8.3869345347087
2019-04-04,5.4702170054118255
2019-04-05,6.123602167765341
2019-04-06,11.489048258463583
2019-04-07,12.52833264668783
2019-04-08,12.32931798299154
2019-04-09,8.144009526570642
2019-04-10,5.3709433237712005
2019-04-11,4.721465682983421
2019-04-12,3.443287150065146
2019-04-13,2.3891019185384152
2019-04-14,3.812496439615927
2019-04-15,8.38334426879885
2019-04-16,10.03067550659182
2019-04-17,12.207742945353232
2019-04-18,13.577066040039085
2019-04-19,14.874277369181357
2019-04-20,14.396001434326195
2019-04-21,13.915932591756189
2019-04-22,14.650512313842796
2019-04-23,14.708777364095056
2019-04-24,17.441165542602562
2019-04-25,15.106470998128259
2019-04-26,11.304371134440146
2019-04-27,9.614237085978232
2019-04-28,8.883365885416708
2019-04-29,8.59504343668624
2019-04-30,10.944366709391318
2019-05-01,10.718000666300497
2019-05-02,9.562310791015648
2019-05-03,7.990150070190452
2019-05-04,6.184728876749716
2019-05-05,6.13984069824221
2019-05-06,6.72752469380697
2019-05-07,7.656631088256859
2019-05-08,9.482475535074911
2019-05-09,11.688551839192712
2019-05-10,10.471367136637411
2019-05-11,9.14792404174807
2019-05-12,8.251360829671228
2019-05-13,8.341041183471702
2019-05-14,9.057956314086937
2019-05-15,9.568905131022177
2019-05-16,7.979295984904013
2019-05-17,11.187713877360068
2019-05-18,15.231643931071005
2019-05-19,16.235751724243187
2019-05-20,15.444415028889978
2019-05-21,13.529415384928427
2019-05-22,12.48682810465499
2019-05-23,14.274657821655296
2019-05-24,15.670705413818382
2019-05-25,12.498770650227868
2019-05-26,15.144741948445642
2019-05-27,15.169217681884788
2019-05-28,12.347350692749046
2019-05-29,11.878067270914755
2019-05-30,14.51289075215658
2019-05-31,17.620469665527366
2019-06-01,18.964273071289085
2019-06-02,22.23017018636068
2019-06-03,20.966289138793968
2019-06-04,21.088232294718466
2019-06-05,22.82404734293624
2019-06-06,16.85412432352706
2019-06-07,17.144005711873376
2019-06-08,15.760987854003929
2019-06-09,16.98979530334475
2019-06-10,18.715685145060263
2019-06-11,17.474251047770224
2019-06-12,16.74552434285482
2019-06-13,17.001465733846032
2019-06-14,20.288120524088583
2019-06-15,19.262865320841513
2019-06-16,17.91100145975753
2019-06-17,19.535087203979515
2019-06-18,22.231017684936546
2019-06-19,22.860314305623376
2019-06-20,19.30128122965499
2019-06-21,17.57559165954592
2019-06-22,18.314824040730798
2019-06-23,21.774371719360374
2019-06-24,24.17216517130538
2019-06-25,27.374935404459677
2019-06-26,25.73153203328451
2019-06-27,18.168881352742517
2019-06-28,18.374681727091513
2019-06-29,23.164737319946312
2019-06-30,26.570916112264
2019-07-01,20.541277821858728
2019-07-02,17.361898676554404
2019-07-03,15.677821095784509
2019-07-04,16.940557098388695
2019-07-05,20.06960576375326
2019-07-06,17.723385111490927
2019-07-07,14.962547556559286
2019-07-08,13.783982849121116
2019-07-09,14.064422225952171
2019-07-10,15.513549423217796
2019-07-11,16.464813486735068
2019-07-12,17.315499242146814
2019-07-13,16.66193288167318
2019-07-14,15.503249104817712
2019-07-15,15.18777999877932
2019-07-16,15.717239634196005
2019-07-17,17.453899637858115
2019-07-18,20.181235249837243
2019-07-19,19.663868204752646
2019-07-20,20.779101308186853
2019-07-21,19.603541946411156
2019-07-22,20.347141520182333
2019-07-23,24.040739949544275
2019-07-24,27.849200820922874
2019-07-25,29.91228319803878
2019-07-26,27.99517974853518
2019-07-27,25.46185201009115
2019-07-28,23.557176208496116
2019-07-29,21.07009849548342
2019-07-30,24.15150604248049
2019-07-31,21.054095204671228
2019-08-01,19.90162620544436
2019-08-02,19.856476720174157
2019-08-03,18.748026148478232
2019-08-04,19.63320884704592
2019-08-05,20.962351735432946
2019-08-06,20.526252365112327
2019-08-07,19.93182271321615
2019-08-08,19.436319605509482
2019-08-09,20.664369837443076
2019-08-10,21.251553471883142
2019-08-11,19.81390978495284
2019-08-12,17.797668075561546
2019-08-13,14.829983011881552
2019-08-14,15.816794331868493
2019-08-15,16.964528020222986
2019-08-16,17.80043754577639
2019-08-17,18.835396703084314
2019-08-18,17.57869110107424
2019-08-19,17.261220550537132
2019-08-20,16.747303899129236
2019-08-21,15.897614415486657
2019-08-22,18.824191665649437
2019-08-23,20.888438161214196
2019-08-24,21.82916158040365
2019-08-25,23.863600031534872
2019-08-26,24.72303479512533
2019-08-27,24.360844548543298
2019-08-28,24.217425918579124
2019-08-29,21.57806549072268
2019-08-30,20.747086461385095
2019-08-31,23.395657475789392
2019-09-01,18.29555219014486
2019-09-02,15.495874023437523
2019-09-03,16.181392923990927
2019-09-04,17.083411153157556
2019-09-05,14.127701695760095
2019-09-06,14.084917958577478
2019-09-07,13.85464757283529
2019-09-08,12.730514144897484
2019-09-09,13.664558664957724
2019-09-10,13.225830332438193
2019-09-11,14.12159436543783
2019-09-12,17.90585861206057
2019-09-13,17.183964665730798
2019-09-14,13.619578297932946
2019-09-15,16.29399960835775
2019-09-16,13.338128662109398
2019-09-17,12.732641474405966
2019-09-18,11.590309397379599
2019-09-19,10.425768152872763
2019-09-20,11.59803479512533
2019-09-21,14.506395594279013
2019-09-22,18.19160931905111
2019-09-23,15.379078801472986
2019-09-24,15.707228597005212
2019-09-25,15.118401463826501
2019-09-26,15.428288396199548
2019-09-27,15.948313013712607
2019-09-28,14.869521077473962
2019-09-29,15.0851767222087
2019-09-30,13.793932215372763
2019-10-01,14.262555058797204
2019-10-02,10.312728500366234
2019-10-03,10.256091054280603
2019-10-04,9.60319608052572
2019-10-05,9.794682439168298
2019-10-06,8.30682271321615
2019-10-07,9.226533508300804
2019-10-08,12.14977607727053
2019-10-09,11.303311284383142
2019-10-10,11.116423543294275
2019-10-11,14.050680414835654
2019-10-12,16.2917196909587
2019-10-13,19.14297765096029
2019-10-14,17.56383857727053
2019-10-15,16.94421221415206
2019-10-16,13.537945048014365
2019-10-17,14.544952011108421
2019-10-18,13.471744791666708
2019-10-19,12.40162048339846
2019-10-20,12.43220926920577
2019-10-21,14.33936716715499
2019-10-22,11.86020431518557
2019-10-23,12.266021347045921
2019-10-24,14.514749781290732
2019-10-25,13.703401184082054
2019-10-26,15.799460347493493
2019-10-27,10.869856770833337
2019-10-28,7.342000579834007
2019-10-29,6.225542322794638
2019-10-30,5.739715830485068
2019-10-31,3.710667546590173
2019-11-01,5.646927134196005
2019-11-02,12.600890731811546
2019-11-03,11.390876388549827
2019-11-04,10.04334729512533
2019-11-05,8.184068934122763
2019-11-06,7.010490036010765
2019-11-07,6.827610270182333
2019-11-08,5.2751632690429915
2019-11-09,4.453915532430017
2019-11-10,1.7315682729085324
2019-11-11,2.9583952585856537
2019-11-12,4.259076690673851
2019-11-13,4.1312519073486555
2019-11-14,4.396799341837607
2019-11-15,4.27765808105471
2019-11-16,3.841212209065759
2019-11-17,2.664977645874046
2019-11-18,4.518930689493857
2019-11-19,4.2480878194173215
2019-11-20,2.6419705708821652
2019-11-21,3.5951171875000227
2019-11-22,4.396735127766931
2019-11-23,5.479078547159872
2019-11-24,4.868954594930017
2019-11-25,4.453057225545251
2019-11-26,7.595656967163109
2019-11-27,9.34284108479818
2019-11-28,8.67523091634115
2019-11-29,4.5719257354736555
2019-11-30,1.3790336608886946
2019-12-01,-0.6157414754231354
2019-12-02,1.5201984405517805
2019-12-03,4.532285308837913
2019-12-04,1.729011789957724
2019-12-05,0.00022659301760086237
2019-12-06,3.9376070658366302
2019-12-07,7.3438742319743255
2019-12-08,7.91745274861654
2019-12-09,5.441000239054404
2019-12-10,2.8928161621093977
2019-12-11,4.018324788411462
2019-12-12,3.237189229329431
2019-12-13,2.764827982584677
2019-12-14,4.003876622517907
2019-12-15,6.22260437011721
2019-12-16,7.02032368977865
2019-12-17,11.108637110392294
2019-12-18,6.932569122314476
2019-12-19,8.656791305542015
2019-12-20,8.545579528808616
2019-12-21,6.449681218465173
2019-12-22,6.948002115885458
2019-12-23,6.415127690633142
2019-12-24,6.3999045054118255
2019-12-25,5.84107360839846
2019-12-26,3.85784746805831
2019-12-27,2.1243708292643646
2019-12-28,-0.011099243164039763
2019-12-29,-0.03787206013993227
2019-12-30,4.3889022827148665
2019-12-31,4.284052785237634
2020-01-01,0.23969612121584305
2020-01-02,0.46418342590334305
2020-01-03,6.207573827107751
2020-01-04,4.429596837361657
2020-01-05,3.771612421671591
2020-01-06,3.6685138702392805
2020-01-07,5.377789433797204
2020-01-08,8.52718315124514
2020-01-09,10.467970784505212
2020-01-10,7.536472574869833
2020-01-11,3.87986844380697
2020-01-12,5.173108673095726
2020-01-13,6.350476201375329
2020-01-14,9.597436523437523
2020-01-15,10.53773905436202
2020-01-16,6.689450836181663
2020-01-17,7.551844533284509
2020-01-18,3.819112396240257
2020-01-19,2.158442433675134
2020-01-20,3.125240580240927
2020-01-21,0.7510842641194699
2020-01-22,0.844935353597009
2020-01-23,1.6914732615153412
2020-01-24,-0.3505151112873932
2020-01-25,0.13887875874837619
2020-01-26,2.956210708618187
2020-01-27,5.935086186726892
2020-01-28,4.080767567952478
2020-01-29,2.8597694396972884
2020-01-30,6.782430267334007
2020-01-31,9.822099304199241
2020-02-01,9.481387710571312
2020-02-02,7.280546442667685
2020-02-03,7.863663609822595
2020-02-04,3.927421188354515
2020-02-05,2.5936122894287337
2020-02-06,3.2710599263509152
2020-02-07,3.4737634023030637
2020-02-08,5.5588610331217865
2020-02-09,9.165432866414392
2020-02-10,6.051037724812829
2020-02-11,3.3921517690022824
2020-02-12,3.134053802490257
2020-02-13,2.777967071533226
2020-02-14,5.252461369832361
2020-02-15,7.978730138142907
2020-02-16,12.675628280639671
2020-02-17,7.424911117553734
2020-02-18,5.663588460286462
2020-02-19,4.711621856689476
2020-02-20,6.377631759643577
2020-02-21,5.414982732137048
2020-02-22,7.560119247436546
2020-02-23,7.491546885172568
2020-02-24,5.593310292561853
2020-02-25,6.484837468465173
2020-02-26,2.3662016550700287
2020-02-27,1.68321317036947
2020-02-28,2.9644237518310774
2020-02-29,8.16422042846682
2020-03-01,6.324752426147484
2020-03-02,6.144815699259482
2020-03-03,4.766706720987997
2020-03-04,3.5070549011230696
2020-03-05,4.738241449991904
2020-03-06,3.6085468292236555
2020-03-07,4.8073078155517805
2020-03-08,7.720879491170251
2020-03-09,6.824493026733421
2020-03-10,8.064057922363304
2020-03-11,10.019239679972372
2020-03-12,8.485012308756552
2020-03-13,5.302507654825888
2020-03-14,4.882419840494833
2020-03-15,9.156632359822595
2020-03-16,9.206716791788779
2020-03-17,8.540947850545251
2020-03-18,10.049283599853538
2020-03-19,9.431197738647484
2020-03-20,6.564326222737634
2020-03-21,3.710560099283896
2020-03-22,2.4309294382731537
2020-03-23,2.1352516174316634
2020-03-24,2.6577589670817474
2020-03-25,3.1179513295491574
2020-03-26,4.0293441772461165
2020-03-27,7.628774261474632
2020-03-28,6.788830693562829
2020-03-29,2.579885101318382
2020-03-30,1.322231547037802
2020-03-31,1.3508087158203352
2020-04-01,2.6942274729411224
2020-04-02,5.026422119140648
2020-04-03,6.223065948486351
2020-04-04,6.44572537740072
2020-04-05,10.428528086344443
2020-04-06,13.60113105773928
2020-04-07,12.616458511352562
2020-04-08,15.333578999837243
2020-04-09,12.45207303365072
2020-04-10,9.17989056905111
2020-04-11,10.753835296630882
2020-04-12,14.12726999918624
2020-04-13,6.904065704345726
2020-04-14,5.476583099365257
2020-04-15,8.06831830342611
2020-04-16,11.754593149821005
2020-04-17,10.545899327596032
2020-04-18,13.521569188435876
2020-04-19,10.74559110005697
2020-04-20,10.456044133504236
2020-04-21,11.914084370930993
2020-04-22,13.349722798665368
2020-04-23,14.235932922363304
2020-04-24,13.26941833496096
2020-04-25,10.69475898742678
2020-04-26,10.883066431681357
2020-04-27,13.473487472534202
2020-04-28,12.70105895996096
2020-04-29,12.879472351074241
2020-04-30,12.008432642618857
2020-05-01,10.965719477335654
2020-05-02,9.607025400797568
2020-05-03,9.864112472534202
2020-05-04,9.721740341186546
2020-05-05,8.617533620198571
2020-05-06,10.070436096191429
2020-05-07,11.855144755045615
2020-05-08,14.672378794352255
2020-05-09,16.541816329956077
2020-05-10,14.761450068155966
2020-05-11,7.78697293599447
2020-05-12,7.10047556559249
2020-05-13,8.211304601033532
2020-05-14,8.405222193400107
2020-05-15,9.107353464762411
2020-05-16,10.995459493001306
2020-05-17,12.120860036214196
2020-05-18,15.394353485107445
2020-05-19,15.655594126383505
2020-05-20,15.232024765014671
2020-05-21,17.60904719034835
2020-05-22,19.056248601277673
2020-05-23,14.541114425659202
2020-05-24,12.785925165812216
2020-05-25,13.8484931945801
2020-05-26,14.338247553507529
2020-05-27,15.95960388183596
2020-05-28,13.83721758524581
2020-05-29,14.994385655721032
2020-05-30,15.583266830444359
2020-05-31,15.49352607727053
2020-06-01,17.43685366312667
2020-06-02,20.30083045959475
2020-06-03,20.693645731608115
2020-06-04,14.496401087443076
2020-06-05,10.891161855061853
2020-06-06,12.199869410196982
2020-06-07,13.327246602376306
2020-06-08,14.123648579915368
2020-06-09,15.2354726155599
2020-06-10,15.95732460021975
2020-06-11,16.331966654459677
2020-06-12,20.21814626057943
2020-06-13,21.354674911499046
2020-06-14,19.174143091837607
2020-06-15,16.620058949788415
2020-06-16,17.65861028035482
2020-06-17,19.176035817464196
2020-06-18,16.664222335815452
2020-06-19,17.57831217447921
2020-06-20,17.482052103678427
2020-06-21,19.286143239339196
2020-06-22,18.64434076944991
2020-06-23,19.41068356831869
2020-06-24,20.52843373616537
2020-06-25,21.631496683756552
2020-06-26,22.852526601155603
2020-06-27,22.69834925333663
2020-06-28,19.05505968729659
2020-06-29,17.65320994059249
2020-06-30,16.581973012288415
2020-07-01,16.925938542683923
2020-07-02,17.035596466064476
2020-07-03,16.636664962768577
2020-07-04,17.667999521891318
2020-07-05,18.841655349731468
2020-07-06,14.901829655965173
2020-07-07,14.495689646403036
2020-07-08,14.017731602986657
2020-07-09,16.656974411010765
2020-07-10,15.372500356038415
2020-07-11,13.809322611490927
2020-07-12,15.174055989583337
2020-07-13,17.750517145792685
2020-07-14,17.263663864135765
2020-07-15,16.01360346476241
2020-07-16,14.91910324096682
2020-07-17,17.42126617431643
2020-07-18,19.5345175425212
2020-07-19,20.831991449991904
2020-07-20,17.402455266316736
2020-07-21,15.864097849528036
2020-07-22,15.585897699991904
2020-07-23,17.775998051961267
2020-07-24,18.930355326334677
2020-07-25,19.131361897786462
2020-07-26,18.79269943237307
2020-07-27,19.052180226643884
2020-07-28,18.57247695922854
2020-07-29,16.6120487213135
2020-07-30,17.177035903930687
2020-07-31,21.64986381530764
2020-08-01,23.50629895528158
2020-08-02,19.7656182607015
2020-08-03,17.05276006062826
2020-08-04,16.741630172729515
2020-08-05,20.339795684814476
2020-08-06,23.731289164225302
2020-08-07,24.94141031901046
2020-08-08,26.72665685017904
2020-08-09,26.53398475646975
2020-08-10,24.998570378621423
2020-08-11,26.55627276102706
2020-08-12,26.167132949829124
2020-08-13,24.465003585815452
2020-08-14,22.223470306396507
2020-08-15,21.442512766520224
2020-08-16,22.525308863321982
2020-08-17,19.631091054280603
2020-08-18,19.56277427673342
2020-08-19,20.34391873677572
2020-08-20,23.45621007283529
2020-08-21,23.603075917561853
2020-08-22,20.634998575846396
2020-08-23,18.123448308308923
2020-08-24,16.25672874450686
2020-08-25,16.900866444905603
2020-08-26,16.388564046223962
2020-08-27,16.320980962117517
2020-08-28,17.545439020792685
2020-08-29,16.119622802734398
2020-08-30,15.898222859700525
2020-08-31,15.552356974283896
2020-09-01,14.430791473388695
2020-09-02,14.901050821940146
2020-09-03,13.662741597493493
2020-09-04,18.452394739786826
2020-09-05,14.513084665934286
2020-09-06,13.593568420410179
2020-09-07,13.684145863850915
2020-09-08,16.205409622192406
2020-09-09,18.232228851318382
2020-09-10,14.50693283081057
2020-09-11,14.942265446980798
2020-09-12,15.888455327351892
2020-09-13,17.437762832641624
2020-09-14,19.93913930257162
2020-09-15,22.129347737630212
2020-09-16,19.39087829589846
2020-09-17,14.001055018107138
2020-09-18,14.121730422973656
2020-09-19,15.450751876831077
2020-09-20,15.155945714314782
2020-09-21,16.26942087809249
2020-09-22,16.943919118245446
2020-09-23,17.45805130004885
2020-09-24,16.257067616780603
2020-09-25,13.011565144856775
2020-09-26,10.91657663981124
2020-09-27,11.618632888793968
2020-09-28,11.787688191731775
2020-09-29,12.181308364868187
2020-09-30,14.802629089355491
2020-10-01,14.643914159139001
2020-10-02,14.096505101521814
2020-10-03,14.085263188680017
2020-10-04,12.37334022521975
2020-10-05,11.79046529134115
2020-10-06,11.891603724161826
2020-10-07,11.33265329996749
2020-10-08,12.289023335774743
2020-10-09,11.414584732055687
2020-10-10,9.289465204874716
2020-10-11,8.331641133626306
2020-10-12,8.998920059204124
2020-10-13,8.447864786783896
2020-10-14,8.315259552001976
2020-10-15,8.195326741536462
2020-10-16,8.377658462524437
2020-10-17,7.911843236287439
2020-10-18,7.757114664713583
2020-10-19,8.603059387207054
2020-10-20,10.607562637329124
2020-10-21,14.69849548339846
2020-10-22,15.44932581583663
2020-10-23,12.885861333211267
2020-10-24,13.256579335530603
2020-10-25,13.136951700846396
2020-10-26,9.981519317626976
2020-10-27,9.893252309163415
2020-10-28,11.272815958658896
2020-10-29,9.494353866577171
2020-10-30,12.62648989359542
2020-10-31,13.592173512776696
2020-11-01,14.802574412028036
2020-11-02,16.5446709950765
2020-11-03,9.9690986633301
2020-11-04,7.295485432942712
2020-11-05,5.89517491658529
2020-11-06,7.811903889973962
2020-11-07,8.561479187011741
2020-11-08,8.291080729166708
2020-11-09,8.534603373209677
2020-11-10,8.119752502441429
2020-11-11,10.058367665608728
2020-11-12,9.091957346598349
2020-11-13,9.801372782389365
2020-11-14,12.07293281555178
2020-11-15,13.108612314860068
2020-11-16,10.043197250366234
2020-11-17,10.432534154256189
2020-11-18,10.925847625732445
2020-11-19,8.686049397786462
2020-11-20,3.642589187622093
2020-11-21,5.339297866821312
2020-11-22,8.246180470784509
2020-11-23,5.589008585612021
2020-11-24,6.160489654541038
2020-11-25,5.901179250081384
2020-11-26,8.085451380411826
2020-11-27,5.5828961690266965
2020-11-28,2.80171928405764
2020-11-29,0.8092393239339231
2020-11-30,0.021159108479821498
2020-12-01,4.687712605794275
2020-12-02,3.412845230102562
2020-12-03,3.0886449178059934
2020-12-04,4.344544347127282
2020-12-05,3.0392979939778684
2020-12-06,2.191263453165732
2020-12-07,2.570471064249716
2020-12-08,1.754747645060263
2020-12-09,0.8320206960042356
2020-12-10,0.690288162231468
2020-12-11,2.073461786905966
2020-12-12,4.623263931274437
2020-12-13,5.811438496907556
2020-12-14,6.621101633707724
2020-12-15,7.771838760375999
2020-12-16,8.158322906494163
2020-12-17,8.353210703531943
2020-12-18,6.495453135172568
2020-12-19,7.884155527750693
2020-12-20,7.994276936848962
2020-12-21,6.609853998820029
2020-12-22,10.844376500447595
2020-12-23,9.797065353393577
2020-12-24,5.0202194213867415
2020-12-25,0.7943397521972884
2020-12-26,1.8314491271972884
2020-12-27,3.454168574015341
2020-12-28,3.4076032002766965
2020-12-29,1.6746345520019759
2020-12-30,2.6470905303955305
2020-12-31,2.086403147379599
2021-01-01,0.5925409952799896
2021-01-02,1.5559580485026459
2021-01-03,1.1444920857747434
2021-01-04,0.9610172271728743
2021-01-05,1.1787150065104584
2021-01-06,0.8252496083577512
2021-01-07,0.5542910257975677
2021-01-08,0.09637667338057554
2021-01-09,-0.4046901702880632
2021-01-10,0.9633022308349837
2021-01-11,1.8760804494222043
2021-01-12,3.6764738718669037
2021-01-13,1.1885588328044037
2021-01-14,-0.14196370442704165
2021-01-15,-0.42835083007810226
2021-01-16,-1.019801203409827
2021-01-17,-0.09486363728836977
2021-01-18,2.461462910970056
2021-01-19,4.918495432535849
2021-01-20,7.23907368977865
2021-01-21,7.497452672322595
2021-01-22,4.497266387939476
2021-01-23,1.8526213328044037
2021-01-24,0.4432356516520599
2021-01-25,-0.5341915130615007
2021-01-26,1.2750907897949446
2021-01-27,1.7205641428629974
2021-01-28,2.7908702850342024
2021-01-29,5.024590428670251
2021-01-30,-0.7933130900065066
2021-01-31,-1.764377339680948
2021-02-01,0.8704416910807709
2021-02-02,3.097643152872763
2021-02-03,7.990099843343103
2021-02-04,5.766270573933923
2021-02-05,4.514723714192712
2021-02-06,0.9241176605224837
2021-02-07,-5.583616638183571
2021-02-08,-8.59965807596842
2021-02-09,-10.626142247517862
2021-02-10,-7.58796666463212
2021-02-11,-7.528723780314124
2021-02-12,-11.93418477376298
2021-02-13,-11.39735387166337
2021-02-14,-7.114695612589514
2021-02-15,0.19639803568526304
2021-02-16,4.646197891235374
2021-02-17,6.5837970733642805
2021-02-18,6.818605041503929
2021-02-19,6.257739639282249
2021-02-20,9.734880065917991
2021-02-21,10.446943537394247
2021-02-22,10.491003290812216
2021-02-23,12.307330067952478
2021-02-24,12.815654373168968
2021-02-25,11.856041208903036
2021-02-26,7.18276176452639
2021-02-27,5.003325398763025
2021-02-28,4.484094238281273
2021-03-01,4.778667704264365
2021-03-02,6.7433734893799055
2021-03-03,6.824917729695642
2021-03-04,3.0875119527181027
2021-03-05,1.3639013926188568
2021-03-06,0.7641883850097884
2021-03-07,1.2122824350993255
2021-03-08,2.5656461079915402
2021-03-09,2.0324003855387787
2021-03-10,4.440631484985374
2021-03-11,7.658324813842796
2021-03-12,5.58826853434249
2021-03-13,5.583153661092126
2021-03-14,4.452371851603232
2021-03-15,4.728156661987327
2021-03-16,4.486953989664755
2021-03-17,3.2318600972493527
2021-03-18,1.466334279378259
2021-03-19,1.790580368042015
2021-03-20,1.5087435404460052
2021-03-21,4.738516743977868
2021-03-22,4.596090571085654
2021-03-23,5.805551783243857
2021-03-24,7.864201482137048
2021-03-25,8.191592788696312
2021-03-26,9.800966517130576
2021-03-27,5.690698242187523
2021-03-28,7.954302088419638
2021-03-29,11.706842676798544
2021-03-30,11.663142140706384
2021-03-31,13.389035161336267
2021-04-01,10.4366444905599
2021-04-02,6.235281880696618
2021-04-03,6.438324864705407
2021-04-04,5.005610402425134
2021-04-05,2.9749860127766965
2021-04-06,1.3153485616048215
2021-04-07,1.4390617370605696
2021-04-08,2.797557449340843
2021-04-09,6.5895858764648665
2021-04-10,6.162626520792685
2021-04-11,5.978485997517907
2021-04-12,2.915319697062216
2021-04-13,3.4901742299397824
2021-04-14,2.698889032999716
2021-04-15,3.478801345825218
2021-04-16,5.933002726237021
2021-04-17,5.867456690470419
2021-04-18,8.075043614705407
2021-04-19,9.07777112325033
2021-04-20,10.696609751383505
2021-04-21,9.087131754557333
2021-04-22,6.329030609130882
2021-04-23,6.757098770141624
2021-04-24,6.271790440877282
2021-04-25,5.139707183837913
2021-04-26,6.267645136515341
2021-04-27,7.619864400227868
2021-04-28,10.624338404337607
2021-04-29,9.706414159139001
2021-04-30,8.340753173828148
2021-05-01,8.161421712239587
2021-05-02,6.956780370076501
2021-05-03,7.883192952473962
2021-05-04,9.317058817545615
2021-05-05,6.66965255737307
2021-05-06,6.0366779327392805
2021-05-07,6.544979985555017
2021-05-08,8.612805938720726
2021-05-09,18.341062164306663
2021-05-10,17.063978449503622
2021-05-11,13.439369455973349
2021-05-12,12.966562525431357
2021-05-13,12.532887395222986
2021-05-14,11.274040476481161
2021-05-15,10.539794540405296
2021-05-16,11.211653645833337
2021-05-17,10.853035227457724
2021-05-18,10.692851638793968
2021-05-19,10.081252670288109
2021-05-20,11.199918365478538
2021-05-21,12.921748097737634
2021-05-22,10.409352874755882
2021-05-23,10.883720016479515
2021-05-24,12.763512547810876
2021-05-25,9.575182851155603
2021-05-26,10.618311818440759
2021-05-27,10.446650441487634
2021-05-28,11.259983317057333
2021-05-29,11.110664621988974
2021-05-30,13.369759496053064
2021-05-31,15.030752436320029
2021-06-01,16.506377156575525
2021-06-02,19.293929672241234
2021-06-03,19.63292020161947
2021-06-04,19.793201700846396
2021-06-05,18.02452176411947
2021-06-06,15.361217117309593
2021-06-07,16.28860689798995
2021-06-08,17.174400583903036
2021-06-09,19.29371032714846
2021-06-10,19.7032295227051
2021-06-11,19.68656247456869
2021-06-12,16.926502482096396
2021-06-13,15.633898671468103
2021-06-14,18.656830724080407
2021-06-15,17.095072046915732
2021-06-16,20.863133366902673
2021-06-17,25.950388209025107
2021-06-18,24.359029388427757
2021-06-19,24.298648452758812
2021-06-20,22.474449412028036
2021-06-21,16.607082621256552
2021-06-22,14.864531453450525
2021-06-23,15.34719301859542
2021-06-24,16.360243733723962
2021-06-25,17.454925791422568
2021-06-26,19.176557795206747
2021-06-27,21.014539972941122
2021-06-28,21.773150380452478
2021-06-29,19.494126892089866
2021-06-30,16.806048965454124
2021-07-01,14.247771835327171
2021-07-02,16.195622380574548
2021-07-03,18.47510935465499
2021-07-04,19.268093999226892
2021-07-05,17.555631891886435
2021-07-06,19.49398574829104
2021-07-07,18.564160919189476
2021-07-08,18.99595667521163
2021-07-09,17.746138509114587
2021-07-10,18.032918548584007
2021-07-11,18.417693074544275
2021-07-12,20.076678848266624
2021-07-13,19.848900731404626
2021-07-14,18.587073262532556
2021-07-15,19.25469106038412
2021-07-16,18.963039016723656
2021-07-17,19.67235399882003
2021-07-18,19.59927330017092
2021-07-19,16.799823379516624
2021-07-20,15.912668482462607
2021-07-21,18.02063649495443
2021-07-22,17.995151774088583
2021-07-23,17.68994547526046
2021-07-24,19.849766031901083
2021-07-25,20.31005439758303
2021-07-26,20.21660639444991
2021-07-27,19.00609486897787
2021-07-28,18.39300689697268
2021-07-29,17.126500066121423
2021-07-30,18.280095036824548
2021-07-31,16.788543955485068
2021-08-01,15.645576731363974
2021-08-02,15.246411895751976
2021-08-03,15.697650527954124
2021-08-04,16.849400456746423
2021-08-05,17.155239359537802
2021-08-06,17.119367853800497
2021-08-07,17.85378990173342
2021-08-08,16.586764907836937
2021-08-09,16.488950347900413
2021-08-10,16.71518987019857
2021-08-11,17.3510623931885
2021-08-12,19.868611907959007
2021-08-13,19.913558578491234
2021-08-14,18.070286051432333
2021-08-15,19.138650512695335
2021-08-16,14.837904230753622
2021-08-17,13.859159088134788
2021-08-18,16.158205286661826
2021-08-19,16.77201614379885
2021-08-20,17.655050532023154
2021-08-21,18.54635899861654
2021-08-22,18.33779106140139
2021-08-23,17.191533660888695
2021-08-24,15.476409530639671
2021-08-25,16.092717742919945
2021-08-26,15.408325449625693
2021-08-27,14.202707544962607
2021-08-28,14.245402272542321
2021-08-29,14.925909296671591
2021-08-30,16.72764104207357
2021-08-31,16.518965657552087
2021-09-01,15.453785832722986
2021-09-02,16.160220082600915
2021-09-03,16.322907384236657
2021-09-04,14.621118164062523
2021-09-05,15.540205891927087
2021-09-06,16.163069025675497
2021-09-07,18.030646896362327
2021-09-08,19.147643661499046
2021-09-09,20.595100021362327
2021-09-10,19.821440633138025
2021-09-11,18.07342936197921
2021-09-12,17.37175585428878
2021-09-13,14.872443771362327
2021-09-14,18.03325233459475
2021-09-15,18.036586380004906
2021-09-16,15.393325424194359
2021-09-17,14.90215899149581
2021-09-18,14.473559315999353
2021-09-19,14.054942703247093
2021-09-20,12.225800450642907
2021-09-21,12.675389226277673
2021-09-22,13.528819020589196
2021-09-23,14.781140899658226
2021-09-24,15.727089182535849
2021-09-25,16.15821800231936
2021-09-26,17.319926834106468
2021-09-27,16.626793162028036
2021-09-28,13.54969495137533
2021-09-29,11.780642445882165
2021-09-30,11.364434178670251
2021-10-01,13.568855539957724
2021-10-02,14.389911270141624
2021-10-03,16.721836344401083
2021-10-04,13.305260594685876
2021-10-05,12.964286422729515
2021-10-06,11.135615285237634
2021-10-07,11.4472646077474
2021-10-08,11.859197870890341
2021-10-09,10.56771049499514
2021-10-10,9.254598236084007
2021-10-11,11.052971776326501
2021-10-12,9.130480702718103
2021-10-13,8.400120035807333
2021-10-14,11.162223434448265
2021-10-15,10.814824040730798
2021-10-16,8.544782892862997
2021-10-17,9.4324940999349
2021-10-18,10.325458145141624
2021-10-19,14.063612874348962
2021-10-20,15.189965820312523
2021-10-21,9.811101531982445
2021-10-22,7.149503326416038
2021-10-23,7.356877899169945
2021-10-24,7.526372528076195
2021-10-25,9.283693567911826
2021-10-26,11.32334988911947
2021-10-27,12.767856852213583
2021-10-28,10.39816818237307
2021-10-29,11.929985936482751
2021-10-30,11.027164077758812
2021-10-31,13.521367645263695
2021-11-01,10.64107157389327
2021-11-02,8.035852050781273
2021-11-03,7.041619237264001
2021-11-04,6.736657714843773
2021-11-05,7.083194351196312
2021-11-06,7.4323961893717865
2021-11-07,8.58393249511721
2021-11-08,7.394263203938806
2021-11-09,7.244970575968466
2021-11-10,4.488476689656579
2021-11-11,5.040701166788779
2021-11-12,6.643856938680017
2021-11-13,8.004511769612634
2021-11-14,7.4427753448486555
2021-11-15,5.780546442667685
2021-11-16,5.1467211405436615
2021-11-17,5.722541427612327
2021-11-18,7.451813634236657
2021-11-19,9.936599985758505
2021-11-20,9.11116752624514
2021-11-21,6.471804555257165
2021-11-22,2.770202255249046
2021-11-23,4.7593647003174055
2021-11-24,4.846439615885458
2021-11-25,1.8981688181559662
2021-11-26,2.3192967732747434
2021-11-27,1.86633135477706
2021-11-28,1.0373048146565793
2021-11-29,1.0904855092366574
2021-11-30,4.674991226196312
2021-12-01,6.826518630981468
2021-12-02,1.1393867492676009
2021-12-03,0.9857949574788449
2021-12-04,3.286616261800134
2021-12-05,2.7650702158610443
2021-12-06,2.084472274780296
2021-12-07,2.1508791605631927
2021-12-08,3.219928995768271
2021-12-09,1.7733887990315793
2021-12-10,1.658134078979515
2021-12-11,0.21453437805178055
2021-12-12,5.149327214558923
2021-12-13,7.925061162312829
2021-12-14,6.865991210937523
2021-12-15,8.05986111958822
2021-12-16,7.802416102091513
2021-12-17,7.01453806559249
2021-12-18,6.437820688883505
2021-12-19,5.447442626953148
2021-12-20,0.739015197753929
2021-12-21,-2.8724248250325104
2021-12-22,-2.331482315063454
2021-12-23,1.1681368509928802
2021-12-24,5.048012034098349
2021-12-25,-3.2085467020670535
2021-12-26,-2.0477336883544695
2021-12-27,2.890478388468466
2021-12-28,6.297192509969079
2021-12-29,7.5203173319499115
2021-12-30,11.908094024658226
2021-12-31,12.090943272908532
2022-01-01,10.800316747029626
2022-01-02,10.710033035278343
2022-01-03,8.212845738728845
2022-01-04,5.674515660603845
2022-01-05,2.3811927795410384
2022-01-06,1.3178217569987396
2022-01-07,2.101405080159509
2022-01-08,0.8260157267253021
2022-01-09,3.296203231811546
2022-01-10,1.8812252044677962
2022-01-11,0.04307708740236649
2022-01-12,2.0171803792317746
2022-01-13,2.2311022440592865
2022-01-14,2.980152384440146
2022-01-15,3.616618728637718
2022-01-16,2.843237177530966
2022-01-17,5.170340474446618
2022-01-18,4.885376230875693
2022-01-19,2.0455566406250227
2022-01-20,1.3746442159016965
2022-01-21,2.1850880940755246
2022-01-22,5.091119384765648
2022-01-23,3.976265207926474
2022-01-24,3.7062723795573334
2022-01-25,2.376165644327841
2022-01-26,1.4896198272705305
2022-01-27,3.6925445556640852
2022-01-28,3.886935806274437
2022-01-29,6.573182042439782
2022-01-30,4.453774388631189
2022-01-31,3.0422143300374387
2022-02-01,3.6368576049804915
2022-02-02,4.847065226237021
2022-02-03,6.127676900227868
2022-02-04,5.6350812276204465
2022-02-05,3.715563074747763
2022-02-06,5.171465810139978
2022-02-07,3.6273590087890852
2022-02-08,7.246050135294638
2022-02-09,8.089974339803064
2022-02-10,5.597137705485068
2022-02-11,2.6263932545979856
2022-02-12,1.2581516265869368
2022-02-13,4.056312179565452
2022-02-14,7.972941970825218
2022-02-15,5.93693567911788
2022-02-16,9.114523824055993
2022-02-17,7.0183820088704465
2022-02-18,6.899791336059593
2022-02-19,4.330306625366234
2022-02-20,6.5165941874186615
2022-02-21,4.131782786051474
2022-02-22,5.208251571655296
2022-02-23,5.58088328043624
2022-02-24,6.342129007975302
2022-02-25,2.7231772104899505
2022-02-26,2.4921419779460052
2022-02-27,2.7119359334309934
2022-02-28,3.2176153818766693
2022-03-01,3.41182670593264
2022-03-02,3.559491729736351
2022-03-03,1.9937416076660384
2022-03-04,1.39617754618331
2022-03-05,1.585399246215843
2022-03-06,0.4282960255940793
2022-03-07,1.6477244059245209
2022-03-08,2.61486651102706
2022-03-09,4.303945159912132
2022-03-10,5.988687133789085
2022-03-11,5.749723052978538
2022-03-12,7.444953536987327
2022-03-13,7.853283818562829
2022-03-14,6.962548828125023
2022-03-15,5.928933715820335
2022-03-16,6.914629872639978
2022-03-17,6.84168650309249
2022-03-18,6.107534027099632
2022-03-19,6.247348403930687
2022-03-20,7.613029098510765
2022-03-21,9.94894943237307
2022-03-22,9.526911671956384
2022-03-23,8.722768402099632
2022-03-24,8.46205609639486
2022-03-25,9.101321156819665
2022-03-26,9.507922108968103
2022-03-27,9.0737021128337
2022-03-28,8.404220199584984
2022-03-29,6.644403711954794
2022-03-30,5.142094548543298
2022-03-31,3.678093846639001
2022-04-01,0.437196350097679
2022-04-02,0.8934455871582259
2022-04-03,1.4982550303141693
2022-04-04,2.9169403076172102
2022-04-05,7.648926671346032
2022-04-06,8.544552103678427
2022-04-07,8.255117034912132
2022-04-08,5.324475860595726
2022-04-09,4.470388031005882
2022-04-10,4.205727513631189
2022-04-11,6.79880040486654
2022-04-12,11.956315612792991
2022-04-13,14.222534434000693
2022-04-14,12.710419591267907
2022-04-15,8.54913991292318
2022-04-16,8.359252548217796
2022-04-17,8.71114056905111
2022-04-18,10.076436614990257
2022-04-19,9.10579325358077
2022-04-20,9.430874760945642
2022-04-21,9.652213033040368
2022-04-22,10.583872731526696
2022-04-23,11.841254806518577
2022-04-24,10.334870274861657
2022-04-25,7.910337066650413
2022-04-26,9.636234537760458
2022-04-27,9.396780904134118
2022-04-28,9.40501492818197
2022-04-29,9.395257568359398
2022-04-30,9.175850804646814
2022-05-01,9.73328552246096
2022-05-02,12.201423263549827
2022-05-03,10.756851450602255
2022-05-04,10.522305425008142
2022-05-05,11.660358047485374
2022-05-06,13.541717783610068
2022-05-07,14.572251892089866
2022-05-08,11.672968800862634
2022-05-09,14.92022603352865
2022-05-10,18.49778836568197
2022-05-11,19.185659027099632
2022-05-12,14.996781285603845
2022-05-13,13.989996210734091
2022-05-14,15.536875025431357
2022-05-15,16.73357734680178
2022-05-16,18.282449976603232
2022-05-17,17.654344177246116
2022-05-18,21.954017257690452
2022-05-19,21.406741714477562
2022-05-20,17.14006131490072
2022-05-21,14.32497367858889
2022-05-22,14.757315572102868
2022-05-23,17.6819784800212
2022-05-24,13.714999771118187
2022-05-25,14.511689758300804
2022-05-26,15.954459762573265
2022-05-27,13.811690266927087
2022-05-28,11.713716125488304
2022-05-29,10.173101679484091
2022-05-30,10.541267649332724
2022-05-31,12.35307083129885
2022-06-01,12.054552968343103
2022-06-02,12.548471705118857
2022-06-03,16.565575536092126
2022-06-04,18.006873067220056
2022-06-05,17.80517730712893
2022-06-06,16.635155614217126
2022-06-07,16.366646703084314
2022-06-08,16.05120429992678
2022-06-09,16.00859667460128
2022-06-10,16.295288340250693
2022-06-11,18.675527191162132
2022-06-12,17.41177584330245
2022-06-13,14.391502634684286
2022-06-14,14.497010803222679
2022-06-15,18.423560078938806
2022-06-16,17.574826176961267
2022-06-17,19.917719141642294
2022-06-18,24.86292737325033
2022-06-19,17.686973826090536
2022-06-20,15.755223210652673
2022-06-21,16.468181228637718
2022-06-22,19.86351102193197
2022-06-23,24.12989768981936
2022-06-24,21.11180903116866
2022-06-25,21.642349497477255
2022-06-26,20.069401677449548
2022-06-27,17.96767069498702
2022-06-28,18.394167836507165
2022-06-29,20.889210001627646
2022-06-30,22.913667297363304
2022-07-01,16.69127489725753
2022-07-02,19.08086293538412
2022-07-03,19.654944356282556
2022-07-04,18.025195058186853
2022-07-05,17.462447738647484
2022-07-06,15.716497675577841
2022-07-07,15.387809371948265
2022-07-08,16.439110056559286
2022-07-09,16.930919265747093
2022-07-10,15.023132578531943
2022-07-11,16.56216964721682
2022-07-12,20.297507222493493
2022-07-13,22.155927912394247
2022-07-14,18.042307154337607
2022-07-15,16.233157730102562
2022-07-16,17.31070226033529
2022-07-17,17.896632766723656
2022-07-18,23.378481801350915
2022-07-19,27.365677769978845
2022-07-20,28.655079778035486
2022-07-21,19.41848716735842
2022-07-22,17.668983078002952
2022-07-23,18.445397313435876
2022-07-24,22.100655492146814
2022-07-25,23.335193888346396
2022-07-26,18.085024134318076
2022-07-27,16.270415242513025
2022-07-28,18.139414723714196
2022-07-29,20.302671051025413
2022-07-30,19.774554189046228
2022-07-31,19.20913658142092
2022-08-01,18.884090677897177
2022-08-02,20.567209498087607
2022-08-03,24.37983665466311
2022-08-04,25.33681449890139
2022-08-05,17.719185129801474
2022-08-06,15.77335128784182
2022-08-07,18.153266525268577
2022-08-08,18.801705296834314
2022-08-09,20.466242090861044
2022-08-10,21.89116757710775
2022-08-11,23.28310101826986
2022-08-12,23.823506927490257
2022-08-13,23.976999537150107
2022-08-14,25.141017532348656
2022-08-15,22.48109397888186
2022-08-16,23.142659759521507
2022-08-17,23.387521998087607
2022-08-18,20.31942202250167
2022-08-19,20.998073196411156
2022-08-20,20.00753555297854
2022-08-21,19.74784177144369
2022-08-22,21.276612218221032
2022-08-23,23.518563206990564
2022-08-24,25.20989888509115
2022-08-25,25.004359817504906
2022-08-26,22.667544937133812
2022-08-27,18.209818140665732
2022-08-28,16.826821899414085
2022-08-29,16.453514989217126
2022-08-30,18.50632247924807
2022-08-31,17.673366165161156
2022-09-01,17.652747726440452
2022-09-02,18.83290506998702
2022-09-03,19.426081593831384
2022-09-04,20.54812075297042
2022-09-05,22.69144465128585
2022-09-06,22.820729192097986
2022-09-07,20.73924916585287
2022-09-08,16.889852142334007
2022-09-09,16.534371312459314
2022-09-10,15.796034749348962
2022-09-11,15.660671488444052
2022-09-12,17.00621821085616
2022-09-13,18.750260289510095
2022-09-14,14.860788599650107
2022-09-15,14.537152226765954
2022-09-16,11.946413930257165
2022-09-17,11.226616160074911
2022-09-18,9.860316212972009
2022-09-19,11.422404225667321
2022-09-20,11.16475321451827
2022-09-21,10.829637781779013
2022-09-22,11.93769480387374
2022-09-23,12.929993565877282
2022-09-24,12.686191177368187
2022-09-25,12.147843297322595
2022-09-26,10.398552831014001
2022-09-27,9.22051836649581
2022-09-28,8.628956095377646
2022-09-29,8.956691360473656
2022-09-30,9.744057591756189
2022-10-01,11.877815500895224
2022-10-02,12.60044949849447
2022-10-03,11.820598856608115
2022-10-04,12.549583689371786
2022-10-05,15.638786570231161
2022-10-06,13.07075144449874
2022-10-07,11.500177001953148
2022-10-08,11.543012873331747
2022-10-09,9.825365956624353
2022-10-10,12.021528498331747
2022-10-11,8.9753134409587
2022-10-12,9.157502746582054
2022-10-13,11.708767827351892
2022-10-14,13.307185109456384
2022-10-15,14.265887832641624
2022-10-16,14.610827382405603
2022-10-17,17.201141611735068
2022-10-18,14.028300857543968
2022-10-19,10.115366872151696
2022-10-20,10.717343902587913
2022-10-21,14.123414611816429
2022-10-22,13.616358693440759
2022-10-23,14.126187260945642
2022-10-24,15.255663808186853
2022-10-25,12.991150156656943
2022-10-26,14.161474482218466
2022-10-27,15.306743240356468
2022-10-28,18.253275171915732
2022-10-29,15.935978825887048
2022-10-30,16.102133051554404
2022-10-31,14.102620697021507
2022-11-01,14.263712819417321
2022-11-02,11.405143992106161
2022-11-03,11.52416826883956
2022-11-04,9.118907546997093
2022-11-05,7.556045150756859
2022-11-06,9.200927352905296
2022-11-07,11.807647323608421
2022-11-08,12.823833719889365
2022-11-09,13.010271326700888
2022-11-10,10.891239420572958
2022-11-11,9.535457865397177
2022-11-12,7.258806482950888
2022-11-13,8.033180491129599
2022-11-14,7.472180302937829
2022-11-15,10.865066146850609
2022-11-16,9.384450531005882
2022-11-17,7.674902216593466
2022-11-18,3.999569193522177
2022-11-19,-1.169812901814737
2022-11-20,-1.0497535705566179
2022-11-21,1.1136260986328352
2022-11-22,5.5555683135986555
2022-11-23,7.396757380167685
2022-11-24,6.791883722941122
2022-11-25,7.015502548217796
2022-11-26,5.711480077107751
2022-11-27,5.5120038350423215
2022-11-28,6.054252243042015
2022-11-29,7.147194163004599
2022-11-30,5.7316000620524505
2022-12-01,3.737257893880212
2022-12-02,1.2463718414306868
2022-12-03,-0.15445175170896164
2022-12-04,0.7689300537109602
2022-12-05,0.9347193400065521
2022-12-06,2.310389455159509
2022-12-07,2.4336957295735715
2022-12-08,1.1545775095622162
2022-12-09,0.26138076782228836
2022-12-10,-0.9482889811197879
2022-12-11,-1.0544837951659929
2022-12-12,-2.5484483083088776
2022-12-13,-3.79493624369303
2022-12-14,-3.5443958282470476
2022-12-15,-4.394876861572243
2022-12-16,-4.872640355428018
2022-12-17,-4.623570505777991
2022-12-18,-2.8007593790690066
2022-12-19,4.868364588419638
2022-12-20,8.91453577677413
2022-12-21,6.864675140380882
2022-12-22,6.828314717610681
2022-12-23,7.947415924072288
2022-12-24,8.025762176513695
2022-12-25,7.915375645955407
2022-12-26,7.584257380167685
2022-12-27,4.004459635416708
2022-12-28,7.2927350362141965
2022-12-29,9.021546300252282
2022-12-30,7.503481801350915
2022-12-31,13.802721913655603
2023-01-01,12.893402353922568
2023-01-02,10.045293426513695
2023-01-03,6.473390197753929
2023-01-04,9.29115702311202
2023-01-05,8.597085571289085
2023-01-06,9.22658182779952
2023-01-07,9.00175819396975
2023-01-08,8.458626683553064
2023-01-09,5.955487823486351
2023-01-10,4.9461532592773665
2023-01-11,8.140864308675134
2023-01-12,8.374506886800134
2023-01-13,7.378712590535486
2023-01-14,7.389479573567712
2023-01-15,5.561634953816736
2023-01-16,3.3073243459065793
2023-01-17,0.4342444101969818
2023-01-18,-1.5146151224772098
2023-01-19,0.3727947235107649
2023-01-20,-1.12123018900553
2023-01-21,-0.7765010833740007
2023-01-22,0.5263579050700287
2023-01-23,1.3800375620524505
2023-01-24,0.6697154998779524
2023-01-25,-1.205103937784827
2023-01-26,-0.3735425313313385
2023-01-27,1.5942715962727902
2023-01-28,-0.6624384562174441
2023-01-29,0.47550354003908524
2023-01-30,4.366277949015341
2023-01-31,3.6323670705159543
2023-02-01,4.195788955688499
2023-02-02,4.852146402994833
2023-02-03,7.0311688741048215
2023-02-04,3.411894098917685
2023-02-05,3.1778204600016693
2023-02-06,1.162870661417685
2023-02-07,-0.6950229644775163
2023-02-08,-0.5993217468261491
2023-02-09,-0.08383916219071352
2023-02-10,2.605329132080101
2023-02-11,5.709604517618857
2023-02-12,5.846610005696618
2023-02-13,4.883922195434593
2023-02-14,3.410875574747763
2023-02-15,3.9608576456706146
2023-02-16,6.538079198201501
2023-02-17,9.358223851521814
2023-02-18,8.504520034790062
2023-02-19,6.554524358113611
2023-02-20,6.16801478068038
2023-02-21,7.630492782592796
2023-02-22,8.165484364827478
2023-02-23,6.816299692789755
2023-02-24,2.581135050455771
2023-02-25,2.0973773956299055
2023-02-26,-0.10111974080399477
2023-02-27,-0.7171132405598541
2023-02-28,-0.5388034820556413
2023-03-01,-0.12111956278482694
2023-03-02,0.9647956848144759
2023-03-03,1.38444608052572
2023-03-04,3.0874477386474837
2023-03-05,2.276068623860681
2023-03-06,1.645061111450218
2023-03-07,1.2696529388427962
2023-03-08,0.26089057922365555
2023-03-09,1.796749369303427
2023-03-10,4.872889455159509
2023-03-11,-0.3011624654133698
2023-03-12,2.1629965464274505
2023-03-13,11.284052785237634
2023-03-14,6.511096572875999
2023-03-15,2.634124374389671
2023-03-16,4.401261266072595
2023-03-17,9.955819066365564
2023-03-18,11.28903477986654
2023-03-19,10.17308069864913
2023-03-20,7.741978581746423
2023-03-21,9.491401926676474
2023-03-22,10.59474652608236
2023-03-23,11.337659454345726
2023-03-24,11.0297568003337
2023-03-25,8.16263097127279
2023-03-26,6.552888488769554
2023-03-27,3.077029800415062
2023-03-28,3.709316507975302
2023-03-29,7.4845074971516965
2023-03-30,11.683484649658226
2023-03-31,9.981367365519247
2023-04-01,8.19246635437014
2023-04-02,4.498198445638025
2023-04-03,2.9993619283040402
2023-04-04,2.1337772369384993
2023-04-05,3.379855728149437
2023-04-06,6.8938556671142805
2023-04-07,7.824227269490564
2023-04-08,6.147049204508505
2023-04-09,7.778357442220056
2023-04-10,10.682457224528036
2023-04-11,8.277537282307946
2023-04-12,7.518569564819359
2023-04-13,7.455974833170615
2023-04-14,7.447309112548851
2023-04-15,6.316440200805687
2023-04-16,8.742205556233728
2023-04-17,9.711295700073265
2023-04-18,8.823337809244833
2023-04-19,8.43410453796389
2023-04-20,7.76435496012374
2023-04-21,13.102112706502282
2023-04-22,14.630580520629906
2023-04-23,13.046584065755212
2023-04-24,8.614525095621786
2023-04-25,6.624495442708337
2023-04-26,5.232076899210654
2023-04-27,7.020386632283532
2023-04-28,10.963867441813193
2023-04-29,10.761142985026083
2023-04-30,8.972760136922204
2023-05-01,11.837869898478232
2023-05-02,8.424507395426474
2023-05-03,8.197702662150107
2023-05-04,12.362091954549157
2023-05-05,13.926426188151083
2023-05-06,13.94090296427413
2023-05-07,13.33215993245443
2023-05-08,14.673404312133812
2023-05-09,15.748525873820029
2023-05-10,13.649483617146814
2023-05-11,12.18044497172042
2023-05-12,15.29929122924807
2023-05-13,14.80992151896163
2023-05-14,13.94062194824221
2023-05-15,13.873770650227868
2023-05-16,10.396157836914085
2023-05-17,8.825639343261741
2023-05-18,9.893168385823571
2023-05-19,12.380899047851585
2023-05-20,13.628697331746423
2023-05-21,17.50198644002279
2023-05-22,19.002744293212913
2023-05-23,12.22055333455404
2023-05-24,10.459266281127952
2023-05-25,11.356921132405603
2023-05-26,11.070865885416708
2023-05-27,13.410477574666345
2023-05-28,15.633504486084007
2023-05-29,12.905920282999716
2023-05-30,12.393281555175804
2023-05-31,16.035420989990257
2023-06-01,12.703376388549827
2023-06-02,13.271913782755576
2023-06-03,14.43643722534182
2023-06-04,15.656802113850915
2023-06-05,17.115731175740564
2023-06-06,17.92507705688479
2023-06-07,17.685888544718466
2023-06-08,18.707191085815452
2023-06-09,21.442739105224632
2023-06-10,21.254219945271814
2023-06-11,22.606045659383142
2023-06-12,21.420071538289392
2023-06-13,20.574383036295615
2023-06-14,18.47608655293783
2023-06-15,19.098297373453818
2023-06-16,19.362556711832724
2023-06-17,19.509221649169945
2023-06-18,21.989109929402673
2023-06-19,23.21819140116378
2023-06-20,22.244352595011435
2023-06-21,21.923867797851585
2023-06-22,20.897442118326865
2023-06-23,18.404127375284872
2023-06-24,20.067531204223656
2023-06-25,22.838991419474326
2023-06-26,20.274209594726585
2023-06-27,16.900535837809286
2023-06-28,16.616228357950888
2023-06-29,19.89779624938967
2023-06-30,17.707503890991234
2023-07-01,17.06261342366537
2023-07-02,16.620767847696982
2023-07-03,16.45886383056643
2023-07-04,17.279612477620446
2023-07-05,16.400032933553064
2023-07-06,16.642284011840843
2023-07-07,20.21426607767745
2023-07-08,24.3898699442546
2023-07-09,25.190308507283532
2023-07-10,21.171197509765648
2023-07-11,23.86418495178225
2023-07-12,19.815443929036462
2023-07-13,17.67068697611495
2023-07-14,19.83318227132162
2023-07-15,22.512556330362997
2023-07-16,19.811432774861657
2023-07-17,18.052845255533896
2023-07-18,18.446838633219443
2023-07-19,17.860073343912802
2023-07-20,17.003112411499046
2023-07-21,17.306597646077478
2023-07-22,16.37060699462893
2023-07-23,17.228637313842796
2023-07-24,17.70551134745284
2023-07-25,15.033299382527673
2023-07-26,14.83987642923995
2023-07-27,15.368360137939476
2023-07-28,18.992089207967126
2023-07-29,18.595105743408226
2023-07-30,17.023835118611657
2023-07-31,16.404829279581747
2023-08-01,16.483775711059593
2023-08-02,16.733229573567712
2023-08-03,16.570389684041345
2023-08-04,16.203277842203818
2023-08-05,16.144673919677757
2023-08-06,15.850111897786462
2023-08-07,14.403632736206077
2023-08-08,14.597634887695335
2023-08-09,15.467446899414085
2023-08-10,16.018581644694052
2023-08-11,20.248555755615257
2023-08-12,19.8016181945801
2023-08-13,19.256971613566122
2023-08-14,20.95663731892904
2023-08-15,21.552135086059593
2023-08-16,18.94417851765951
2023-08-17,17.844625091552757
2023-08-18,22.11926676432296
2023-08-19,23.978281275431357
2023-08-20,21.607416407267294
2023-08-21,20.744312540690146
2023-08-22,20.42960891723635
2023-08-23,19.124840672810876
2023-08-24,21.110854085286462
2023-08-25,20.416207249959314
2023-08-26,17.469977951049827
2023-08-27,15.675959523518884
2023-08-28,15.385535176595056
2023-08-29,14.62103932698568
2023-08-30,14.149458185831747
2023-08-31,13.541697438557946
2023-09-01,14.934812164306663
2023-09-02,16.455405171712243
2023-09-03,16.075518544514978
2023-09-04,17.69133783976241
2023-09-05,21.302442169189476
2023-09-06,21.68108202616378
2023-09-07,21.80086479187014
2023-09-08,21.96948076883956
2023-09-09,21.417947387695335
2023-09-10,21.370934422810876
2023-09-11,22.484988149007165
2023-09-12,20.263489023844443
2023-09-13,16.431778208414755
2023-09-14,13.9322226206462
2023-09-15,15.819926834106468
2023-09-16,19.593797938029013
2023-09-17,20.47828826904299
2023-09-18,19.763707097371423
2023-09-19,16.661440785725915
2023-09-20,18.76712570190432
2023-09-21,19.281838989257835
2023-09-22,15.04052314758303
2023-09-23,13.287536875406943
2023-09-24,14.237399673461937
2023-09-25,14.796427663167321
2023-09-26,15.29102478027346
2023-09-27,17.20664494832357
2023-09-28,18.550661977132165
2023-09-29,17.751346206665062
2023-09-30,14.40632336934408
2023-10-01,16.690929031372093
2023-10-02,18.750021235148154
2023-10-03,16.32190856933596
2023-10-04,13.841679509480798
2023-10-05,14.080179468790732
2023-10-06,14.70877354939779
2023-10-07,16.45566647847494
2023-10-08,13.902497227986657
2023-10-09,15.473086293538415
2023-10-10,17.31250597635909
2023-10-11,18.42223383585616
2023-10-12,15.530241902669275
2023-10-13,18.888045883178734
2023-10-14,11.859404500325525
2023-10-15,7.500011062622093
2023-10-16,7.576407368977868
2023-10-17,7.481310145060263
2023-10-18,8.332936859130882
2023-10-19,13.410845692952478
2023-10-20,10.27495918273928
2023-10-21,13.111928558349632
2023-10-22,12.355481719970726
2023-10-23,11.567348098754906
2023-10-24,11.601660664876306
2023-10-25,9.573796208699548
2023-10-26,9.40885950724288
2023-10-27,9.22563514709475
2023-10-28,10.07982978820803
2023-10-29,12.844492212931357
2023-10-30,12.809988911946618
2023-10-31,10.548396046956384
2023-11-01,11.804459508260095
2023-11-02,11.47774149576827
2023-11-03,8.903178151448571
2023-11-04,8.242545700073265
2023-11-05,9.564836120605491
2023-11-06,9.613480504353845
2023-11-07,8.708877817789755
2023-11-08,8.624883906046591
2023-11-09,8.973154958089196
2023-11-10,7.352925237019861
2023-11-11,6.232417043050134
2023-11-12,5.284659322102868
2023-11-13,7.773126220703148
2023-11-14,10.267921702067099
2023-11-15,8.469068145751976
2023-11-16,6.658759053548181
2023-11-17,3.5860407511393646
2023-11-18,4.180509821573935
2023-11-19,10.506991958618187
2023-11-20,8.875833765665732
2023-11-21,5.804358418782556
2023-11-22,1.9624210357666243
2023-11-23,8.436789449055993
2023-11-24,4.139655049641931
2023-11-25,2.159504191080771
2023-11-26,2.088738377889001
2023-11-27,2.0416688283284543
2023-11-28,-0.9140590667724382
2023-11-29,-0.6559655507405182
2023-11-30,-1.575718943277991
2023-12-01,-2.260827128092444
2023-12-02,-1.9336736043293854
2023-12-03,-0.4027351379394304
2023-12-04,-0.16312891642252225
2023-12-05,2.6024884541829465
2023-12-06,0.9887221018473724
2023-12-07,0.9148918151855696
2023-12-08,2.866033808390341
2023-12-09,6.066539382934593
2023-12-10,7.417206064860068
2023-12-11,7.717062250773154
2023-12-12,7.047952270507835
2023-12-13,6.975370025634788
2023-12-14,3.6359160105387787
2023-12-15,5.235883331298851
2023-12-16,5.552540079752646
2023-12-17,7.286203638712607
2023-12-18,5.02430369059249
2023-12-19,5.773970540364587
2023-12-20,5.652145004272484
2023-12-21,7.12204259236654
2023-12-22,4.682967758178734
2023-12-23,6.695937093098962
2023-12-24,9.497564570109091
2023-12-25,9.956825510660849
2023-12-26,7.708056386311853
2023-12-27,5.739188766479515
2023-12-28,9.216031010945642
2023-12-29,8.53758265177413
2023-12-30,6.462670262654626
2023-12-31,7.451877212524437
2024-01-01,6.193095779418968
2024-01-02,8.16253242492678
2024-01-03,8.31254603068038
2024-01-04,5.304459508260095
2024-01-05,6.170971806844079
2024-01-06,3.396776453654013
2024-01-07,-1.1729701995849382
2024-01-08,-3.322517776489235
2024-01-09,-5.131929779052712
2024-01-10,-4.889451726277628
2024-01-11,-4.144801839192667
2024-01-12,0.22620353698732742
2024-01-13,1.5691378275553802
2024-01-14,1.0932988484700559
2024-01-15,0.11778157552083712
2024-01-16,-1.210004552205362
2024-01-17,-2.4398960113525163
2024-01-18,-2.4076096852620026
2024-01-19,-1.4833638509114166
2024-01-20,-1.3409478505452057
2024-01-21,2.4364887237549055
2024-01-22,7.7258563995361555
2024-01-23,5.966370519002282
2024-01-24,9.167506790161156
2024-01-25,5.521137491862021
2024-01-26,7.15379422505697
2024-01-27,2.2692873636881927
2024-01-28,2.9461240132649777
2024-01-29,6.347525533040368
2024-01-30,7.862475967407249
2024-01-31,5.50020561218264
2024-02-01,5.726492818196618
2024-02-02,6.068069712321005
2024-02-03,8.496229426066122
2024-02-04,8.416090265909872
2024-02-05,8.656711196899437
2024-02-06,8.65834452311202
2024-02-07,3.8425505320231537
2024-02-08,1.6737063090006927
2024-02-09,9.666979726155603
2024-02-10,10.116811370849632
2024-02-11,7.66294886271163
2024-02-12,5.581503168741904
2024-02-13,4.66599044799807
2024-02-14,8.818324661254906
2024-02-15,11.275879160563193
2024-02-16,11.341923650105798
2024-02-17,8.956105804443382
2024-02-18,8.099870936075888
2024-02-19,7.602100626627646
2024-02-20,7.3092030843099
2024-02-21,8.19594535827639
2024-02-22,9.522880172729515
2024-02-23,5.776638285319052
2024-02-24,4.146047846476279
2024-02-25,4.856256103515648
2024-02-26,4.7932970682780365
2024-02-27,3.750016148885095
2024-02-28,3.247185643514001
2024-02-29,6.331330235799157
2024-03-01,7.300061162312829
2024-03-02,8.321164703369163
2024-03-03,9.177431360880576
2024-03-04,7.10435511271163
2024-03-05,7.108854548136435
2024-03-06,6.818068440755212
2024-03-07,4.577961222330771
2024-03-08,4.364869689941429
2024-03-09,5.563092168172204
2024-03-10,7.541651662190759
2024-03-11,7.431537882487021
2024-03-12,6.985731379191122
2024-03-13,8.003523763020837
2024-03-14,11.637779490153036
2024-03-15,11.51651535034182
2024-03-16,8.228354390462243
2024-03-17,6.952151870727562
2024-03-18,7.865229543050134
2024-03-19,9.414100901285849
2024-03-20,11.979851023356161
2024-03-21,8.974392191569052
2024-03-22,9.644905980428064
2024-03-23,5.781190490722679
2024-03-24,4.855420049031579
2024-03-25,5.895282363891624
2024-03-26,8.015346781412802
2024-03-27,9.385461425781273
2024-03-28,8.072464243571005
2024-03-29,9.638749059041345
2024-03-30,12.442811584472679
2024-03-31,10.917106882731161
2024-04-01,8.890845235188806
2024-04-02,9.395820236206077
2024-04-03,9.853756205240927
2024-04-04,10.686552302042685
2024-04-05,13.34803415934249
2024-04-06,17.646684900919638
2024-04-07,17.183665847778343
2024-04-08,16.460415140787802
2024-04-09,12.95729471842452
2024-04-10,9.994968668619833
2024-04-11,11.428666687011741
2024-04-12,14.921920394897484
2024-04-13,16.86666323343917
2024-04-14,12.637580490112327
2024-04-15,8.239031728108728
2024-04-16,6.268867746988974
2024-04-17,5.6542316436767805
2024-04-18,6.783136622111044
2024-04-19,6.444524383544945
2024-04-20,6.131476974487327
2024-04-21,5.021924591064476
2024-04-22,4.379558181762718
2024-04-23,4.602679189046228
2024-04-24,4.758515294392907
2024-04-25,5.555607096354208
2024-04-26,7.766445414225302
2024-04-27,11.529642359415732
2024-04-28,14.528290049235068
2024-04-29,13.819131469726585
2024-04-30,17.37458445231124
2024-05-01,19.152646001180017
2024-05-02,18.341430282592796
2024-05-03,11.935463205973349
2024-05-04,12.127493158976279
2024-05-05,12.49495913187667
2024-05-06,13.198683039347372
2024-05-07,13.162342961629236
2024-05-08,12.754683430989587
2024-05-09,13.637785212198935
2024-05-10,15.19044965108236
2024-05-11,15.680599466959677
2024-05-12,16.88073565165206
2024-05-13,18.964874521891318
2024-05-14,19.617198562622093
2024-05-15,19.143686548868857
2024-05-16,17.29897524515792
2024-05-17,17.40750083923342
2024-05-18,16.085515594482445
2024-05-19,15.13460502624514
2024-05-20,16.044504419962607
2024-05-21,18.350235875447595
2024-05-22,15.76455968221029
2024-05-23,16.02196528116866
2024-05-24,15.690456008911156
2024-05-25,16.28466949462893
2024-05-26,18.14767735799154
2024-05-27,16.3809804280599
2024-05-28,14.337121582031273
2024-05-29,14.451464589436853
2024-05-30,14.798928197224939
2024-05-31,15.31621894836428
2024-06-01,17.51962814331057
2024-06-02,15.348841603597009
2024-06-03,13.389265950520837
2024-06-04,14.793812052408896
2024-06-05,13.84540456136068
2024-06-06,12.929247792561853
2024-06-07,14.544245020548544
2024-06-08,15.072931543986044
2024-06-09,13.624617513020837
2024-06-10,11.403862253824911
2024-06-11,11.51719690958663
2024-06-12,11.713363265991234
2024-06-13,12.663231150309286
2024-06-14,15.48974444071456
2024-06-15,15.237903213501
2024-06-16,15.119652048746786
2024-06-17,16.638434982299827
2024-06-18,16.443563715616904
2024-06-19,15.942653910319052
2024-06-20,17.153115844726585
2024-06-21,19.376954015096032
2024-06-22,17.22039629618331
2024-06-23,17.535237884521507
2024-06-24,19.370886103312216
2024-06-25,21.25488942464193
2024-06-26,22.708894348144554
2024-06-27,23.744297281901083
2024-06-28,19.5726034800212
2024-06-29,20.967582321167015
2024-06-30,18.42798258463546
2024-07-01,15.825691477457724
2024-07-02,13.634145355224632
2024-07-03,13.08085657755538
2024-07-04,15.281151707967126
2024-07-05,14.511204020182333
2024-07-06,18.602342224121116
2024-07-07,15.69411684672042
2024-07-08,17.833132044474326
2024-07-09,23.178466415405296
2024-07-10,21.152190144856775
2024-07-11,19.860440190633142
2024-07-12,17.627390797932946
2024-07-13,15.430916086832724
2024-07-14,17.159792200724326
2024-07-15,20.159006373087607
2024-07-16,19.050215657552087
2024-07-17,18.472774759928427
2024-07-18,20.16866518656417
2024-07-19,22.3463124593099
2024-07-20,24.53860689798995
2024-07-21,22.913919067382835
2024-07-22,19.51769154866537
2024-07-23,18.678856786092126
2024-07-24,17.50288035074874
2024-07-25,18.255652999877952
2024-07-26,19.940284347534202
2024-07-27,19.66160672505697
2024-07-28,18.73110415140792
2024-07-29,18.975946680704794
2024-07-30,22.644717788696312
2024-07-31,22.126170730590843
2024-08-01,21.129699325561546
2024-08-02,19.824833806355798
2024-08-03,19.75747451782229
2024-08-04,17.890812810262048
2024-08-05,18.135737355550134
2024-08-06,22.0207452138265
2024-08-07,20.432573572794638
2024-08-08,18.659251785278343
2024-08-09,19.95341008504232
2024-08-10,19.83501332600912
2024-08-11,20.912528610229515
2024-08-12,23.477700805664085
2024-08-13,26.45599199930831
2024-08-14,22.943184789021814
2024-08-15,21.57704569498702
2024-08-16,21.00620549519857
2024-08-17,19.191753005981468
2024-08-18,17.63387578328451
2024-08-19,17.298211669921898
2024-08-20,20.224537785847986
2024-08-21,16.918948745727562
2024-08-22,18.36347096761068
2024-08-23,20.49434941609701
2024-08-24,23.659689839680993
2024-08-25,16.913751220703148
2024-08-26,16.563532129923544
2024-08-27,18.60718434651693
2024-08-28,22.506862894694052
2024-08-29,23.838721211751306
2024-08-30,18.282205200195335
2024-08-31,18.150841013590536
2024-09-01,21.093367513020837
2024-09-02,22.78762334187826
2024-09-03,21.61187896728518
2024-09-04,19.635281499226892
2024-09-05,23.71172358194991
2024-09-06,23.524442927042685
2024-09-07,22.11960881551107
2024-09-08,20.081848398844443
2024-09-09,16.83993810017904
2024-09-10,14.893486277262411
2024-09-11,12.349405543009482
2024-09-12,10.341957982381189
2024-09-13,10.609829839070642
2024-09-14,11.684257125854515
2024-09-15,12.839589055379236
2024-09-16,15.779979324340843
2024-09-17,15.733108139038109
2024-09-18,16.696832275390648
2024-09-19,17.086876805623376
2024-09-20,17.285633341471396
